<Skin name="VirtualDJ7 (2 Decks)" version="7" width="1280" height="1024">
<copyright>- (c)2010 - Atomix Productions -</copyright>
************************************************************
  Top Part (close open config etc) 
************************************************************
<grabzone>
	<size width="1024" height="25"></size>
	<pos x="0" y="0"></pos>
</grabzone>
<logo os="pc">
  <size width="68" height="17"></size>
  <pos x="11" y="4"></pos>
</logo>
<logo os="mac">
  <size width="68" height="17"></size>
  <pos x="1202" y="4"></pos>
</logo>
<button action="settings"  visible="force">
	<size width="57" height="19"></size>
	<pos x="1054" y="0"></pos>
	<over x="+0" y="+1100"></over>	
	<selected x="+0" y="+1100"></selected>
	<down x="-0" y="+1099"></down>
		<up x="+0" y="+1071"/>
</button>
<textzone>
	<pos x="806" y="6"/>
	<size width="80" height="18"/>
	<text font="LCD" size="15" align="center" weight="bold" color="#d1d3d4" format="%fullhour"/>
	<text2 font="LCD" size="15" align="center" weight="bold" color="#d1d3d4" format="%hour12"/>
</textzone>
<textzone>
	<pos x="806" y="6"/>
	<size width="80" height="18"/>
	<text font="LCD" size="15" align="center" weight="bold" color="#d1d3d4" format="%fullhour"/>
	<text2 font="LCD" size="15" align="center" weight="bold" color="#d1d3d4" format="%hour12"/>
</textzone>
<visual type="linear" source="get cpu" orientation="horizontal">
	<size width="129" height="7"/>
	<pos x="294" y="10"/>
	<down x="+0" y="+1100"/>	
</visual>



Microphone
-------------



Input Record
-------------
<pannel id="noinput"  pannel="mixer" group="input" visible="get hasinput ? off : on">
	<size width="31" height="50"/>
	<pos x="529" y="132"/>
	<up x="+0" y="+0"/>
	<down x="+0" y="+0"/>
</pannel>

<pannel id="noinput"  pannel="mixer" group="input" visible="get hasinput ? off : on">
	<size width="31" height="50"/>
	<pos x="719" y="132"/>
	<up x="+0" y="+0"/>
	<down x="+0" y="+0"/>
</pannel>

<pannel id="hasinput"  pannel="mixer" group="input" visible="get hasinput">
	<size width="31" height="50"/>
	<pos x="529" y="132"/>
		<up x="529" y="1231"/>
	<down x="529" y="1231"/>
</pannel>
<pannel id="hasinput"  pannel="mixer" group="input" visible="get hasinput">
	<size width="31" height="50"/>
	<pos x="719" y="132"/>
		<up x="529" y="1231"/>
	<down x="529" y="1231"/>
</pannel>


<button pannel="hasinput" action="deck left linein" >
	<pos x="534" y="137"/>
	<size width="22" height="19"/>
  <up x="534" y="1236"/>
  <over x="724" y="1236"/>
  <selected x="724" y="1236"/>
  <down x="724" y="1236"/>
</button>

<button pannel="hasinput" action="deck left linein_rec" >
	<pos x="534" y="137+21"/>
	<size width="22" height="19"/>
  <up x="534" y="1236+21"/>
  <over x="724" y="1236+21"/>
  <selected x="724" y="1236+21"/>
  <down x="724" y="1236+21"/>
</button>

+190


<button pannel="hasinput" action="deck right linein" >
	<pos x="534+190" y="137"/>
	<size width="22" height="19"/>
  <up x="534" y="1236"/>
  <over x="724" y="1236"/>
  <selected x="724" y="1236"/>
  <down x="724" y="1236"/>
</button>

<button pannel="hasinput" action="deck right linein_rec" >
	<pos x="534+190" y="137+21"/>
	<size width="22" height="19"/>
  <up x="534" y="1236+21"/>
  <over x="724" y="1236+21"/>
  <selected x="724" y="1236+21"/>
  <down x="724" y="1236+21"/>
</button>



2 different master cue depending on mic or not
---
- to show if no mic - 
<pannel id="nomicmaster" pannel="mixer" group="mastermic" visible="get hasmic ? off : on">
	<size width="74" height="85"/>
	<pos x="604" y="138"/>
	<up x="604" y="1238"/>
	<down x="604" y="1238"/>
</pannel>

- to show if mic - 
<pannel id="micmaster" pannel="mixer" group="mastermic" visible="get hasmic">
	<size width="74" height="85"/>
	<pos x="604" y="138"/>
	<up x="604" y="1738"/>
	<down x="604" y="1738"/>
</pannel>


<button pannel="micmaster" action="mic" visible="force" >
	<pos x="614" y="185"/>
	<size width="20" height="17"/>
  <over x="151" y="1160-56"/>
  <down x="174" y="1160-56"/>
  <up x="197" y="1160-56"/>
  <selected x="174" y="1160-56"/>
</button>

<slider pannel="micmaster" action="mic_volume" orientation="round">
	<pos x="645" y="184"/>
	<size width="20" height="20"/>
	<up x="45" y="287"/>
	<over x="45" y="287"/>
	<down x="45" y="287"/> 
	<clipmask x="529" y="2420"/>
	<fader anglemin="-160" anglemax="+160">
		<size width="20" height="20"/>
		<mask x="530" y="2379" />
		<pos x="528" y="2443" />
	</fader>
</slider>



FILTER
-- 

<slider action="deck left filter" orientation="round" dblclick="deck left filter 50%" >
	<pos x="45" y="287"/>
	<size width="20" height="20"/>
	<up x="45" y="287"/>
	<over x="45" y="287"/>
	<down x="45" y="287"/>
	<clipmask x="529" y="2420"/>
	<fader anglemin="-160" anglemax="+160">
		<size width="20" height="20"/>
		<mask x="530" y="2379" />
		<pos x="528" y="2443" />
	</fader>
</slider>
<slider action="deck right filter" orientation="round" dblclick="deck right filter 50%" >
	<pos x="1026" y="287"/>
	<size width="20" height="20"/>
	<up x="45" y="287"/>
	<over x="45" y="287"/>
	<down x="45" y="287"/>
	<clipmask x="529" y="2420"/>
	<fader anglemin="-160" anglemax="+160">
		<size width="20" height="20"/>
		<mask x="530" y="2379" />
		<pos x="528" y="2443" />
	</fader>
</slider>


 --- Minimize ---
 <button os="pc" action="minimize">
	<pos x="1175" y="0"/>
	<size width="28" height="18"/>
	<over x="+0" y="+1100"/>
	<down x="+0" y="+1100"/>
	<up x="+0" y="+1071"/>
</button>

--- Maximize ---
<button os="pc" action="maximize" rightclick="maximize off">
	<pos os="pc" x="1203" y="0"/>
	<size width="28" height="18"/>
	<over x="+0" y="+1100"/>
	<down x="+0" y="+1100"/>
	<up x="+0" y="+1071"/>
</button>

--- Close ---
<button  os="pc" action="close">
	<pos x="1231" y="0"/>
	<size width="39" height="18"/>
	<over x="+0" y="+1100"/>
	<down x="+0" y="+1100"/>
	<up x="+0" y="+1071"/>
</button>


--- Minimize ---
 <button os="mac" action="minimize">
	<pos x="32-3" y="4"/>
	<size width="19" height="19"/>
	<over x="846+22" y="1075"/>
	<down x="846+22" y="1075"/>
	<up x="918+22" y="1075" />
</button>

--- Maximize ---
<button os="mac" action="maximize" rightclick="maximize off">
	<pos x="51-3" y="4"/>
	<size width="19" height="19"/>
		<over x="846+45" y="1075"/>
	<down x="846+45" y="1075"/>
	<up x="918+45" y="1075" />
</button>

--- Close ---
<button os="mac" action="close">
	<pos x="13-3" y="4"/>
	<size width="19" height="19"/>
	<over x="846" y="1075"/>
	<down x="846" y="1075"/>
	<up x="918" y="1075" />
</button>


BEATKEEPER
------------------------------------------------------------

<button action="deck 1 goto_bar 1">
	<size width="22" height="6"></size>
	<pos x="589" y="5"></pos>
	<over x="+0" y="+1600"></over>	
	<selected x="+0" y="+1100"></selected>
</button>
<button action="deck 1 goto_bar 2">
	<size width="22" height="6"></size>
	<pos x="617" y="5"></pos>
	<over x="+0" y="+1600"></over>	
	<selected x="+0" y="+1100"></selected>
</button>
<button action="deck 1 goto_bar 3">
	<size width="22" height="6"></size>
	<pos x="643" y="5"></pos>
	<over x="+0" y="+1600"></over>	
	<selected x="+0" y="+1100"></selected>
</button>
<button action="deck 1 goto_bar 4">
	<size width="22" height="6"></size>
	<pos x="671" y="5"></pos>
	<over x="+0" y="+1600"></over>	
	<selected x="+0" y="+1100"></selected>
</button>

<button action="deck 2 goto_bar 1">
	<size width="22" height="6"></size>
	<pos x="589" y="15"></pos>
	<over x="+0" y="+1600"></over>	
	<selected x="+0" y="+1100"></selected>
</button>
<button action="deck 2 goto_bar 2">
	<size width="22" height="6"></size>
	<pos x="617" y="15"></pos>
	<over x="+0" y="+1600"></over>	
	<selected x="+0" y="+1100"></selected>
</button>
<button action="deck 2 goto_bar 3">
	<size width="22" height="6"></size>
	<pos x="643" y="15"></pos>
	<over x="+0" y="+1600"></over>	
	<selected x="+0" y="+1100"></selected>
</button>
<button action="deck 2 goto_bar 4">
	<size width="22" height="6"></size>
	<pos x="671" y="15"></pos>
	<over x="+0" y="+1600"></over>	
	<selected x="+0" y="+1100"></selected>
</button>



Active deck A & B
------------------------------------------------------------

<button action="deck 1 select">
  <size width="18" height="13"/>
  <pos x="568" y="7"/>
  <up x="+0" y="+0"/>
  <selected x="+0" y="+1100" />
</button>
<button action="deck 2 select">
  <size width="18" height="13"/>
  <pos x="700" y="7"/>
  <up x="+0" y="+0"/>
  <selected x="+0" y="+1100" />
</button> 


<button action="deck 1 songpos_remain 30000ms ? on blinkfast & deck 1 select : deck 1 select ">
  <size width="18" height="13"/>
  <pos x="568" y="7"/>
  <up x="+0" y="+0"/>
  <selected x="+0" y="+1100" />
</button> 
<button action="deck 2 songpos_remain 30000ms ? on blinkfast & deck 2 select : deck 2 select ">
  <size width="18" height="13"/>
  <pos x="700" y="7"/>
  <up x="+0" y="+0"/>
  <selected x="+0" y="+1100" />
</button> 

************************************************************
  BROWSER
************************************************************
	<browser>
		<size width="1259" height="576" />
		<pos x="11" y="437"></pos>
		<text font="Segoe" size="15"  color="#ffffff" selected="#678930" stripes="#171717"/>
		<options font="Segoe" size="13" color="#000000" over="#000000"/>
		<widgets font="Segoe" size="13" color="#ffffff"
			facecolor="#2E2E2E"
			lightcolor="#2E2E2E" 
			shadowcolor="#2E2E2E" 
			darkshadowcolor="transparent" 
			highlightcolor="transparent" 
			trackcolor1="transparent" 
			trackcolor2="transparent" />
	</browser>	
<tooltip font="Segoe" size="12" color="#FFFFFF" back="#000000" shortcut="#808080" />
--- Browser ---
<button action="page 'browser'">
	<pos x="433" y="420"/>
	<size width="98" height="16"/>
	<selected x="+0" y="+1100"/>
	<over x="+0" y="+1600"/>
</button>

--- Sampler ---
<button action="page 'sampler'">
	<pos x="540" y="420"/>
	<size width="98" height="16"/>
	<selected x="+0" y="+1100"/>
	<over x="+0" y="+1600"/>
</button>

--- Effects ---
<button action="page 'effects'">
	<pos x="646" y="420"/>
	<size width="98" height="16"/>
	<selected x="+0" y="+1100"/>
	<over x="+0" y="+1600"/>
</button>

--- Recording ---
<button action="page 'record'">
	<pos x="754" y="420"/>
	<size width="98" height="16"/>
	<selected x="+0" y="+1100"/>
	<over x="+0" y="+1600"/>
</button>
************************************************************
  STATUSBAR
************************************************************
<textzone>
	<pos x="922" y="420"/>
	<size width="347" height="16"/>
	<text font="Segoe" size="12" align="right" color="#d1d3d4" format="%status"/>
</textzone>
************************************************************
  DROPZONES
************************************************************
<dropzone chan="1">
	<size width="506" height="310"></size>
	<pos x="10" y="103"></pos>
</dropzone>
<dropzone chan="2">
	<size width="506" height="310"></size>
	<pos x="766" y="103"></pos>
</dropzone>
************************************************************
  RHYTHM WAVE
************************************************************
<rhythm pannel="Rhythm">
	<size width="1196" height="45"/>
	<pos x="40" y="35"/>
	*** BLUE ***
	<chan1_active1 x="40" y="1630"/>
	<chan1_active2 x="40" y="2100"/>
	*** RED ***
	<chan2_active1 x="40" y="2236"/>
	<chan2_active2 x="40" y="1130"/>
	*** OVERLAY ***
	<both_active1 x="40" y="2170"/>
	<both_active2 x="40" y="2305"/>
	
	<grid1 width="5" mainwidth="11">
		<size width="1196" height="5"/>
		<pos x="40" y="85"/>
		<active1 x="40" y="1630"/>
		<active2 x="40" y="2100"/>
	</grid1>
---- GRID ------
	<grid2 width="5" mainwidth="11">
		<size width="1196" height="5"/>
		<pos x="40" y="90"></pos>
		<active1 x="40" y="2236"/>
		<active2 x="40" y="1130"/>
	</grid2>
---- CUE MARKERS ------	
---- CUE MARKERS ------	
<cue1>
	<size width="1196" height="50"/>
	<pos x="40" y="26"/>
	  <down x="40" y="1630"/>
	<mask x="730" y="2395" width="13" height="14"/>
	<text dx="9" dy="0" font="ARIAL GREEK" size="12" color="#B0E0FF"/>
</cue1>
<cue2>
	<size width="1196" height="50"/>
	<pos x="40" y="26"/>
	 <down x="40" y="2306"/>
	<mask x="730" y="2395" width="13" height="14"/>
	<text dx="9" dy="0" font="ARIAL GREEK" size="12" color="#FF6868"/>
</cue2>
</rhythm>	

---- ZOOM BUTTONS ------
<button action="zoom 'far'" rightclick="temporary">
	<pos x="1242" y="36"/>
	<size width="17" height="14"/>
	<selected x="+0" y="+1600"/>
	<over x="+0" y="+1100"/>
	<down x="+0" y="+1600"/>
</button>

<button action="zoom 'default'" rightclick="temporary">
	<pos x="1242" y="52"/>
	<size width="17" height="14"/>
	<selected x="+0" y="+1600"/>
	<over x="+0" y="+1100"/>
	<down x="+0" y="+1600"/>
</button>

<button action="zoom 'near'" rightclick="temporary">
	<pos x="1242" y="68"/>
	<size width="17" height="14"/>
	<selected x="+0" y="+1600"/>
	<over x="+0" y="+1100"/>
	<down x="+0" y="+1600"/>
</button>

ZOOM SLIDER
---------------------------
<slider action="zoom" orientation="vertical" dblclick="reset" rightclick="temporary" direction="down">
	<size width="6" height="45"/>
	<pos x="25" y="37"/>
	<fader>
		<size width="4" height="7"/>
		<pos x="511" y="2444"/>
	</fader>
</slider>

		
************************************************************
  DECK A
************************************************************
SONG POSITION 
--------------------------------------------------------------------
<songpos deck="1" orientation="horizontal" waveform="yes">
	<size width="503" height="22"/>
	<pos x="12" y="180"/>
	<up x="12" y="+0"/>
	<down x="12" y="2443"/>
	<volume x="12" y="2467"/>
	<selected x="12" y="2373"/>
	<volumeselected x="11" y="2397"/>
	<upselected x="12" y="+1600"/>
	<cues>
	  <size width="2" height="24"/>
	  <up x="622" y="2411"/>
	  <clipmask x="737" y="2418" width="6" height="24" />
	  <over x="766" y="2490"/>
	  <down x="766" y="2490"/>
	</cues>
</songpos>

Author / Title Textzone
--------------------------------------------------------------------

  <textzone chan="1">
   <size width="380" height="18" geterrormessage="true"/>
   <pos x="15" y="107"></pos>
   <text font="ARIAL GREEK" size="20" color="#FFFFFF" weight="bold" format="%Author" scroll="no"/>
   <text2 font="ARIAL GREEK" size="20" color="#FFFFFF" weight="bold" format="%Author" scroll="yes"/>
   <text3 font="ARIAL GREEK" size="20" color="#28acff" weight="bold" format="%Author" scroll="no"/>
   <text4 font="ARIAL GREEK" size="20" color="#28acff" weight="bold" format="%Author" scroll="yes"/>
  </textzone>
  <textzone chan="1">
   <size width="380" height="21" geterrormessage="true"/>
   <pos x="15" y="125"></pos>
   <text font="ARIAL GREEK" size="18" color="#d1d3d4" weight="bold" format="%Title" scroll="no"/>
   <text2 font="ARIAL GREEK" size="18" color="#d1d3d4" weight="bold" format="%Title" scroll="yes"/>
   <text3 font="ARIAL GREEK" size="18" color="#28acff" weight="bold" format="%Title" scroll="no"/>
   <text4 font="ARIAL GREEK" size="18" color="#28acff" weight="bold" format="%Title" scroll="yes"/>
  </textzone>
  
Spent / Remain / Gain / Key Textzone
-------------------------------------------------------------------- 
<textzone deck="1">
	<pos x="15" y="148"/>
	<size width="100" height="11"/>
	<text font="ARIAL GREEK" size="14" color="#908f8d" weight="bold" align="left" format="ELAPSED %Pspent"/>
	<text2 font="ARIAL GREEK" size="14" color="#FFFFFF" weight="bold" align="left" format="ELAPSED %Pspent"/>
	<text3 font="ARIAL GREEK" size="14" color="#28acff" weight="bold" align="left" format="ELAPSED %Pspent"/>
</textzone>
<textzone deck="1">
	<pos x="140" y="148"/>
	<size width="100" height="11"/>
	<text font="ARIAL GREEK" size="14" color="#908f8d"  weight="bold" align="left" format="REMAIN %Pleft"/>
	<text2 font="ARIAL GREEK" size="14" color="#FFFFFF" weight="bold" align="left" format="REMAIN %Pleft"/>
	<text3 font="ARIAL GREEK" size="14" color="#28acff" weight="bold" align="left" format="REMAIN %Pleft"/>
</textzone>
<textzone deck="1">
	<pos x="15" y="160"/>
	<size width="100" height="11"/>
	<text font="ARIAL GREEK" size="14" color="#908f8d" weight="bold" align="left" format="GAIN %PleveldB"/>
	<text2 font="ARIAL GREEK" size="14" color="#FFFFFF" weight="bold" align="left" format="GAIN %PleveldB"/>
	<text3 font="ARIAL GREEK" size="14" color="#28acff" weight="bold" align="left" format="GAIN %PleveldB"/>
</textzone>
<textzone deck="1">
	<pos x="140" y="160"/>
	<size width="50" height="11"/>
	<text font="ARIAL GREEK" size="14" color="#908f8d" weight="bold" align="left" format="KEY %Pkey"/>
	<text2 font="ARIAL GREEK" size="14" color="#FFFFFF" weight="bold" align="left" format="KEY %Pkey"/>
	<text3 font="ARIAL GREEK" size="14" color="#908f8d" weight="bold" align="left" format="KEY %Pcamelot"/>
	<text4 font="ARIAL GREEK" size="14" color="#FFFFFF" weight="bold" align="left" format="KEY %Pcamelot"/>
	<text5 font="ARIAL GREEK" size="14" color="#28acff" weight="bold" align="left" format="KEY %Pcamelot"/>
</textzone>
<textzone deck="1">
	<pos x="260" y="160"/>
	<size width="80" height="11"/>
	<text font="ARIAL GREEK" size="14" color="#908f8d" weight="bold" align="left" format="PITCH %Ppitch"/>
	<text2 font="ARIAL GREEK" size="14" color="#FFFFFF" weight="bold" align="left" format="PITCH %Ppitch"/>
	<text3 font="ARIAL GREEK" size="14" color="#28acff" weight="bold" align="left" format="PITCH %Ppitch"/>
</textzone>
  
BPM
--------------------------------------------------------------------
<button action="deck 1 beat_tap" rightclick="deck 1 edit_bpm">
	<pos x="478" y="115"/>
	<size width="30" height="15"/>
	<up x="+0" y="+0"/>
	<down x="+0" y="+1100"/>
</button>
<textzone deck="1">
	<pos x="410" y="110"/>
	<size width="60" height="18"/>
	<text font="ARIAL GREEK" size="22" color="#FFFFFF" align="center" weight="bold" format="%Pbpmex"/>
	<text2 font="ARIAL GREEK" size="22" color="#28acff" align="center" weight="bold" format="%Pbpmex"/>
	<text3 font="ARIAL GREEK" size="22" color="#908f8d" align="center" weight="bold" format="%Pbpmex"/>
</textzone>

Play_Stutter Deck A
------------------------------------------------------------
<button action="deck 1 play_button" rightclick=" deck 1 reverse while_pressed">
	<pos x="378" y="380 x"></pos>
	<size width="39" height="23"></size>
	<selected x="+0" y="+1100"></selected>
	<over x="+0" y="+1600"></over>
	<down x="-1" y="+1099"></down>
</button>
--- Smart Play ---

<button action="deck 1 smart_play">
	<pos x="405" y="364"/>
	<size width="8" height="10"/>
	<selected x="+0" y="+1100"/>
	<over x="+0" y="+1600"></over>
	<down x="+0" y="+1100"></down>
</button>			

Pause_Stop Deck A
--------------------------------------------------------------------
<button action="deck 1 stop_button" rightclick="holding 500ms ?  deck 1 unload :  deck 1 goto_first_beat">
	<pos x="340" y="380 x"></pos>
	<size width="36" height="23"></size>
	<selected x="+0" y="+1100"></selected>
	<over x="+0" y="+1600"></over>
	<down x="-1" y="+1099"></down>
</button>

Cue Deck A
-------------------------------------------------------------------
<button action="deck 1 cue_button" rightclick="deck 1 set_cue">
	<pos x="302" y="380 x"></pos>
	<size width="36" height="23"></size>
	<selected x="+0" y="+1100"></selected>
	<over x="+0" y="+1600"></over>
	<down x="-1" y="+1099"></down>
</button>

HotCue Deck A
-------------------------------------------------------------------
<button action="deck 1 smart_cue">
	<pos x="399" y="157"/>
	<size width="8" height="10"/>
	<selected x="+0" y="+1100"/>
	<over x="+0" y="+1600"/>
	<down x="+0" y="+1100"/>
</button>
<button action="deck 1 hot_cue 1" rightclick="deck 1 set_cue 1" >
	<pos x="413" y="152"/>
	<size width="28" height="19"/>
	<selected x="+0" y="+1100"/>
	<over x="+0" y="+1600"/>
	<down x="-1" y="+1099"/>
</button>
<button action="deck 1 hot_cue 2" rightclick="deck 1 set_cue 2" >
	<pos x="443" y="152"/>
	<size width="31" height="19"/>
	<selected x="+0" y="+1100"/>
	<over x="+0" y="+1600"/>
	<down x="-1" y="+1099"/>
</button>
<button action="deck 1 hot_cue 3" rightclick="deck 1 set_cue 3" >
	<pos x="476" y="152"/>
	<size width="29" height="19"/>
	<selected x="+0" y="+1100"/>
	<over x="+0" y="+1600"/>
	<down x="-1" y="+1099"/>
</button>

Sync Deck A
-------------------------------------------------------------------
<button action="deck 1 sync" rightclick="deck 1 sync while_pressed">
	<pos x="419" y="380 x"></pos>
	<size width="36" height="23"></size>
	<over x="+0" y="+1600"/>
	<down x="-1" y="+1099"/>
</button>

Pitch Deck A
-------------------------------------------------------------------
<slider action="deck 1 pitch" orientation="vertical" direction="down" dblclick="deck 1 pitch 100%" rightclick="temporary" >
	<size width="24" height="124"/>
	<pos x="474" y="242"/>
	<fader>
		<size width="24" height="9"/>
		<pos x="472" y="1398"/>
	</fader>
	<reset value="50"/>
</slider>
<button action="deck 1 pitch_bend -5% 500ms" rightclick="deck 1 pitch_bend -5% 500ms">
	<pos x="465" y="386"/>
  <size width="20" height="17"/>
  <over x="+0" y="+1600"/>
  <down x="+0" y="+1100"/>
</button>
<button action="deck 1 pitch_bend +5% 500ms" rightclick="deck 1 pitch_bend +5% 500ms">
	<pos x="487" y="386"/>
  <size width="20" height="17"/>
  <over x="+0" y="+1600"/>
  <down x="+0" y="+1100"/>
</button>
--- Pitch Reset ---
<button action="deck 1 pitch_reset" dblclick="deck 1 pitch 100%" rightclick="deck 1 pitch 100%">
	<pos x="501" y="298"/>
	<size width="11" height="10"/>
	<selected x="+0" y="+1100"/>
	<over x="+0" y="+1600"/>
	<down x="-1" y="+1099"/>
</button>
--- Pitch Lock ---
<button action="pitchlock" dblclick="reset" rightclick="reset">
	<pos x="455" y="298"/>
	<size width="8" height="9"/>
	<selected x="+0" y="+1100"/>
	<over x="+0" y="+1600"/>
	<down x="+0" y="+1100"/>
</button>
--- Key Lock ---
<button action="deck 1 key_lock">
	<pos x="502" y="212"/>
	<size width="8" height="10"/>
	<selected x="+0" y="+1100"/>
	<over x="+0" y="+1600"/>
	<down x="+0" y="+1100"/>
</button>
--- Pitch Range ---
<textzone>
	<size width="25" height="9"/>
	<pos x="470" y="225"/>
	<text font="ARIAL GREEK" size="11" color="#999999" weight="bold" align="center" format="%pitchrange%%"/>
</textzone>
<button action="pitch_range" value="-1" rightclick="-2">
	<pos x="470" y="225"/>
	<size width="25" height="9"/>>
</button>


Loop In Out Deck A
-------------------------------------------------------------------
<button action="deck 1 loop_in" rightclick="deck 1 reloop">
	<pos x="116" y="376"/>
	<size width="36" height="23"/>
	<over x="+0" y="+1600"/>
	<selected x="+0" y="+1100"/>
	<down x="-1" y="+1099"/>
</button>
<button action="deck 1 loop_out" rightclick="deck 1 loop_half">
	<pos x="154" y="376"/>
	<size width="39" height="23"/>
	<selected x="+0" y="+1100"></selected>
	<over x="+0" y="+1600"></over>
	<down x="-1" y="+1099"/>
</button>
--- Loop 50% ---
<button action="deck 1 loop_half" >
	<pos x="62" y="344"/>
	<size width="20" height="17"/>
	<down x="+0" y="+1100"/>
	<over x="+0" y="+1600"/>
	<selected x="+0" y="+1100"/>
</button>
--- Loop 200% ---
<button action="deck 1 loop_double">
	<pos x="217" y="344"/>
	<size width="20" height="17"/>
	<down x="+0" y="+1100"/>
	<over x="+0" y="+1600"/>
	<selected x="+0" y="+1100"/>
</button>
--- Smart Loop ---
<button action="deck 1 smart_loop">
	<pos x="209" y="382"/>
	<size width="11" height="12"/>
	<selected x="+0" y="+1100"/>
	<over x="+0" y="+1600"></over>
</button>
--- Loop Shift ---
<slider action="deck 1 loop_move" relative="yes" orientation="round">
	<pos x="81" y="380"/>
		<size width="20" height="20"/>
			<clipmask x="530" y="2419"/>
			<up x="+0" y="+1100" />
	<fader>
		<size width="20" height="20"/>
		<mask x="530" y="2379" />
		<pos x="528" y="2443" />
	</fader>
</slider>

--- Quick Loop --- 
<button action="deck 1 loop 1" rightclick="temporary">
	<pos x="86" y="345"/>
	<size width="18" height="16"/>
	<selected x="+0" y="+1100"/>
	<over x="+0" y="+1600"/>
	<down x="+0" y="+1100"/>
</button>
<button action="deck 1 loop 2" rightclick="temporary">
	<pos x="108" y="345"/>
	<size width="18" height="16"/>
	<selected x="+0" y="+1100"/>
	<over x="+0" y="+1600"/>
	<down x="+0" y="+1100"/>
</button>
<button action="deck 1 loop 4" rightclick="temporary">
	<pos x="130" y="345"/>
	<size width="18" height="16"/>
	<selected x="+0" y="+1100"/>
	<over x="+0" y="+1600"/>
	<down x="+0" y="+1100"/>
</button>
<button action="deck 1 loop 8" rightclick="temporary">
	<pos x="152" y="345"/>
	<size width="18" height="16"/>
	<selected x="+0" y="+1100"/>
	<over x="+0" y="+1600"/>
	<down x="+0" y="+1100"/>
</button>
<button action="deck 1 loop 16" rightclick="temporary">
	<pos x="174" y="345"/>
	<size width="18" height="16"/>
	<selected x="+0" y="+1100"/>
	<over x="+0" y="+1600"/>
	<down x="+0" y="+1100"/>
</button>
<button action="deck 1 loop 32" rightclick="temporary">
	<pos x="196" y="345"/>
	<size width="18" height="16"/>
	<selected x="+0" y="+1100"/>
	<over x="+0" y="+1600"/>
	<down x="+0" y="+1100"/>
</button>


SAMPLER DECK A 
--------------------------------------------------------------------
<button action="deck 1 sampler play_stop" rightclick="temporary">
	<pos x="172" y="243"/>
	<size width="82" height="17"/>
	<selected x="545" y="3214"/>
	<over x="545" y="3238"/>
	<up x="545" y="3038"/>
	<down x="545" y="3214"/>
	<clipmask x="545" y="3171"/>
	<size width="60" height="13"/>
	<text dx="3" dy="2" width="60" font="ARIAL GREEK" size="12" color="#ffffff" align="center" format="%mainsample" scroll="yes"/>
</button>	
--- Sampler dropdown ---
<button action="deck 1 sampler select" rightclick="sampler options">
	<pos x="235" y="243"/>
	<size width="17" height="17"/>
</button>
--- Sampler visual indicator ---
<visual chan="1" type="linear" source="deck 1 sampler position" orientation="horizontal">
	<pos x="172" y="266"/>
	<size width="78" height="7"/>
	<down x="+0" y="+1100"/>
</visual>
--- Sampler Volume ---
<slider action="deck 1 sampler volume" orientation="round" dblclick="reset" rightclick="temporary">
	<pos x="263" y="242"/>
		<size width="20" height="20"/>
			<clipmask x="530" y="2419"/>
	<fader anglemin="-160" anglemax="+160">
		<size width="20" height="20"/>
		<mask x="530" y="2379" />
		<pos x="528" y="2443" />
	</fader>
</slider>
--- Sampler half double ---
<button action="deck 1 sampler loop 50%" rightclick="sampler loop on">
	<pos x="187" y="277"/>
  <size width="20" height="17"/>
  <over x="+0" y="+1600"/>
  <down x="+0" y="+1100"/>
</button>
<button action="deck 1 sampler loop 150%" rightclick="sampler loop on">
	<pos x="214" y="277"/>
  <size width="20" height="17"/>
  <over x="+0" y="+1600"/>
  <down x="+0" y="+1100"/>
</button>
--- Sampler record ---
<button action="deck 1 sampler rec">
	<pos x="262" y="275"/>
	<size width="21" height="19"/>
	<selected x="+0" y="+1100"/>
	<over x="+0" y="+1600"/>
	<down x="-1" y="+1099"/>
</button>


EFFECTS DECK A 
--------------------------------------------------------------------

<button action="deck 1 effect active" rightclick="temporary">
	<pos x="17" y="243"/>
	<size width="82" height="17"/>
	<selected x="545" y="3274"/>
	<over x="545" y="3298"/>
	<up x="545" y="3038"/>
	<down x="545" y="3274"/>
	<size width="60" height="13"/>
	<clipmask x="545" y="3171"/>
	<text dx="3" dy="2" width="60" font="ARIAL GREEK" size="12" color="#ffffff" align="center" format="%maineffect" scroll="yes"/>
</button>
	
--- Effect dropdown ---
<button action="deck 1 effect select">
	<pos x="80" y="243"/>
	<size width="17" height="17"/>
</button>
--- Effect params ---
<slider action="deck 1 effect slider 1" orientation="round">
	<pos x="108" y="241"/>
		<size width="20" height="20"/>
			<clipmask x="530" y="2419"/>
	<fader anglemin="-160" anglemax="+160">
		<size width="20" height="20"/>
		<mask x="530" y="2379" />
		<pos x="528" y="2443" />
	</fader>
</slider>
<slider action="deck 1 effect slider 2" orientation="round">
	<pos x="135" y="241"/>
		<size width="20" height="20"/>
			<clipmask x="530" y="2419"/>
	<fader anglemin="-160" anglemax="+160">
		<size width="20" height="20"/>
		<mask x="530" y="2379" />
		<pos x="528" y="2443" />
	</fader>
</slider>







************************************************************
  DOMES & RADAR/SPINNER
************************************************************
--- Deck 1 ---
<visual type="rotation" source="deck 1 get rotation">
	<size width="137" height="137"/>
	<pos x="310" y="225"/>
	<down x="572" y="2533"/>
	<clipmask x="274" y="2533"/>
	<mask x="423" y="2533"/>
</visual>
<songpos deck="1" orientation="circle" waveform="no" >
	<circle/>
	<size width="137" height="137"/>
	<pos x="310" y="225"/>
	<volume x="+0" y="+1600"/>
	<selected x="+0" y="+1100"/>
	<clipmask x="568" y="2381"/>
	<mousemask x="568" y="2381"/>
</songpos>
<scratch deck="1">
	<size width="137" height="137"/>
	<pos x="309" y="225"/>
	<mousemask x="273" y="2533"/>
</scratch>

--- Deck 2 ---
<visual type="rotation" source="deck 2 get rotation">
	<size width="137" height="137"/>
	<pos x="781" y="225"/>
	<down x="572" y="2533"/>
	<clipmask x="274" y="2533"/>
	<mask x="423" y="2533"/>
</visual>
<songpos deck="2" orientation="circle" waveform="no" >
	<circle/>
	<size width="137" height="137"/>
	<pos x="781" y="225"/>
	<volume x="+0" y="+1600"/>
	<selected x="+0" y="+1100"/>
	<clipmask x="568" y="2381"/>
	<mousemask x="568" y="2381"/>
</songpos>
<scratch deck="2">
	<size width="137" height="137"/>
	<pos x="780" y="225"/>
	<mousemask x="273" y="2533"/>
</scratch>


************************************************************
  DECK B
************************************************************
SONG POSITION 
--------------------------------------------------------------------

<songpos deck="2" orientation="horizontal" waveform="yes">
	<size width="502" height="22"/>
	<pos x="768" y="180"/>
	<up x="768" y="+0"/>
	<down x="768" y="2443"/>
	<volume x="768" y="2467"/>
	<selected x="768" y="2373"/>
	<volumeselected x="768" y="2397"/>
	<upselected x="768" y="+1600"/>
	<cues>
	  <size width="2" height="24"/>
	  <up x="622" y="2411"/>
	  <clipmask x="737" y="2418" width="6" height="24" />
	  <over x="766" y="2490"/>
	  <down x="766" y="2490"/>
	</cues>
</songpos>

Author / Title Textzone
--------------------------------------------------------------------

  <textzone chan="2">
   <size width="380" height="18" geterrormessage="true"/>
   <pos x="773" y="107"></pos>
   <text font="ARIAL GREEK" size="20" color="#FFFFFF" weight="bold" format="%Author" scroll="no"/>
   <text2 font="ARIAL GREEK" size="20" color="#FFFFFF" weight="bold" format="%Author" scroll="yes"/>
   <text3 font="ARIAL GREEK" size="20" color="#ed1c24" weight="bold" format="%Author" scroll="no"/>
   <text4 font="ARIAL GREEK" size="20" color="#ed1c24" weight="bold" format="%Author" scroll="yes"/>
  </textzone>
  <textzone chan="2">
   <size width="380" height="21" geterrormessage="true"/>
   <pos x="773" y="125"></pos>
   <text font="ARIAL GREEK" size="18" color="#d1d3d4" weight="bold" format="%Title" scroll="no"/>
   <text2 font="ARIAL GREEK" size="18" color="#d1d3d4" weight="bold" format="%Title" scroll="yes"/>
   <text3 font="ARIAL GREEK" size="18" color="#ed1c24" weight="bold" format="%Title" scroll="no"/>
   <text4 font="ARIAL GREEK" size="18" color="#ed1c24" weight="bold" format="%Title" scroll="yes"/>
  </textzone>
  
  
Spent / Remain / Gain / Key Textzone
-------------------------------------------------------------------- 
<textzone deck="2">
	<pos x="773" y="148"/>
	<size width="100" height="11"/>
	<text font="ARIAL GREEK" size="14" color="#908f8d" weight="bold" align="left" format="ELAPSED %Pspent"/>
	<text2 font="ARIAL GREEK" size="14" color="#FFFFFF" weight="bold" align="left" format="ELAPSED %Pspent"/>
	<text3 font="ARIAL GREEK" size="14" color="#ed1c24" weight="bold" align="left" format="ELAPSED %Pspent"/>
</textzone>
<textzone deck="2">
	<pos x="878" y="148"/>
	<size width="100" height="11"/>
	<text font="ARIAL GREEK" size="14" color="#908f8d" weight="bold" align="left" format="REMAIN %Pleft"/>
	<text2 font="ARIAL GREEK" size="14" color="#FFFFFF" weight="bold" align="left" format="REMAIN %Pleft"/>
	<text3 font="ARIAL GREEK" size="14" color="#ed1c24" weight="bold" align="left" format="REMAIN %Pleft"/>
</textzone>
<textzone deck="2">
	<pos x="773" y="160"/>
	<size width="100" height="11"/>
	<text font="ARIAL GREEK" size="14" color="#908f8d" weight="bold" align="left" format="GAIN %PleveldB"/>
	<text2 font="ARIAL GREEK" size="14" color="#FFFFFF" weight="bold" align="left" format="GAIN %PleveldB"/>
	<text3 font="ARIAL GREEK" size="14" color="#ed1c24" weight="bold" align="left" format="GAIN %PleveldB"/>
</textzone>
<textzone deck="2">
	<pos x="878" y="160"/>
	<size width="50" height="11"/>
	<text font="ARIAL GREEK" size="14" color="#908f8d" weight="bold" align="left" format="KEY %Pkey"/>
	<text2 font="ARIAL GREEK" size="14" color="#FFFFFF" weight="bold" align="left" format="KEY %Pkey"/>
	<text3 font="ARIAL GREEK" size="14" color="#908f8d" weight="bold" align="left" format="KEY %Pcamelot"/>
	<text4 font="ARIAL GREEK" size="14" color="#FFFFFF" weight="bold" align="left" format="KEY %Pcamelot"/>
	<text5 font="ARIAL GREEK" size="14" color="#ed1c24" weight="bold" align="left" format="KEY %Pcamelot"/>
</textzone>  
<textzone deck="2">
	<pos x="998" y="160"/>
	<size width="80" height="11"/>
	<text font="ARIAL GREEK" size="14" color="#908f8d" weight="bold" align="left" format="PITCH %Ppitch"/>
	<text2 font="ARIAL GREEK" size="14" color="#FFFFFF" weight="bold" align="left" format="PITCH %Ppitch"/>
	<text3 font="ARIAL GREEK" size="14" color="#ed1c24" weight="bold" align="left" format="PITCH %Ppitch"/>
</textzone>

BPM
--------------------------------------------------------------------
<button action="deck 2 beat_tap" rightclick="deck 2 edit_bpm">
	<pos x="1234" y="115"/>
	<size width="30" height="15"/>
	<up x="+0" y="+0"/>
	<down x="+0" y="+1100"/>
</button>
<textzone deck="2">
	<pos x="1165" y="110"/>
	<size width="60" height="18"/>
	<text font="ARIAL GREEK" size="22" color="#FFFFFF" align="center" weight="bold" format="%Pbpmex"/>
	<text2 font="ARIAL GREEK" size="22" color="#ed1c24" align="center" weight="bold" format="%Pbpmex"/>
	<text3 font="ARIAL GREEK" size="22" color="#908f8d" align="center" weight="bold" format="%Pbpmex"/>
</textzone>

Play_Stutter Deck B
------------------------------------------------------------
<button action="deck 2 play_button" rightclick=" deck 2 reverse while_pressed">
	<pos x="849" y="380 x"></pos>
	<size width="39" height="23"></size>
	<selected x="+0" y="+1100"></selected>
	<over x="+0" y="+1600"></over>
	<down x="-1" y="+1099"></down>
</button>
--- Smart Play ---
<button action="deck 2 smart_play">
	<pos x="876" y="364"/>
	<size width="8" height="10"/>
	<selected x="405" y="+1100"/>
	<over x="+0" y="+1600"/>
	<down x="+0" y="+1100"/>
</button>	

Pause_Stop Deck B
--------------------------------------------------------------------
<button action="deck 2 stop_button" rightclick="holding 500ms ?  deck 2 unload :  deck 2 goto_first_beat">
	<pos x="811" y="380 x"></pos>
	<size width="36" height="23"></size>
	<selected x="+0" y="+1100"></selected>
	<over x="+0" y="+1600"></over>
	<down x="-1" y="+1099"></down>
</button>

Cue Deck B
-------------------------------------------------------------------
<button action="deck 2 cue_button" rightclick="deck 2 set_cue">
	<pos x="774" y="380 x"></pos>
	<size width="36" height="23"></size>
	<selected x="+0" y="+1100"></selected>
	<over x="+0" y="+1600"></over>
	<down x="-1" y="+1099"></down>
</button>

HotCue Deck B
-------------------------------------------------------------------
<button action="deck 2 smart_cue">
	<pos x="1155" y="157"/>
	<size width="8" height="10"/>
	<selected x="+0" y="+1100"/>
	<over x="+0" y="+1600"/>
	<down x="+0" y="+1100"/>
</button>
<button action="deck 2 hot_cue 1" rightclick="deck 2 set_cue" >
	<pos x="1169" y="152"/>
	<size width="28" height="19"/>
	<selected x="+0" y="+1100"/>
	<over x="+0" y="+1600"/>
	<down x="-1" y="+1099"/>
</button>
<button action="deck 2 hot_cue 2" rightclick="deck 2 set_cue" >
	<pos x="1199" y="152"/>
	<size width="31" height="19"/>
	<selected x="+0" y="+1100"/>
	<over x="+0" y="+1600"/>
	<down x="-1" y="+1099"/>
</button>
<button action="deck 2 hot_cue 3" rightclick="deck 2 set_cue" >
	<pos x="1232" y="152"/>
	<size width="29" height="19"/>
	<selected x="+0" y="+1100"/>
	<over x="+0" y="+1600"/>
	<down x="-1" y="+1099"/>
</button>

Sync Deck B
-------------------------------------------------------------------
<button action="deck 2 sync" rightclick="deck 2 sync while_pressed">
	<pos x="890" y="380 x"></pos>
	<size width="36" height="23"></size>
	<over x="+0" y="+1600"></over>
	<down x="-1" y="+1099"></down>
</button>

Pitch Deck B
-------------------------------------------------------------------
<slider action="deck 2 pitch" orientation="vertical" direction="down" dblclick="deck 2 pitch 100%" rightclick="temporary" >
	<size width="24" height="124"/>
	<pos x="944" y="242"/>
	<fader>
		<size width="24" height="9"/>
		<pos x="472" y="1398"/>
	</fader>
	<reset value="50"/>
</slider>
<button action="deck 2 pitch_bend -5% 500ms" rightclick="deck 2 pitch_bend -5% 500ms">
	<pos x="935" y="386"/>
  <size width="20" height="17"/>
  <over x="+0" y="+1600"/>
  <down x="+0" y="+1100"/>
</button>
<button action="deck 2 pitch_bend +5% 500ms" rightclick="deck 2 pitch_bend +5% 500ms">
	<pos x="957" y="386"/>
  <size width="20" height="17"/>
  <over x="+0" y="+1600"/>
  <down x="+0" y="+1100"/>>
</button>
--- Pitch Reset ---
<button action="deck 2 pitch_reset" dblclick="deck 2 pitch 100%" rightclick="deck 2 pitch 100%">
	<pos x="973" y="298"/>
	<size width="11" height="10"/>
	<selected x="+0" y="+1100"/>
	<over x="+0" y="+1600"/>
	<down x="-1" y="+1099"/>
</button>
--- Pitch Lock ---
<button action="pitchlock" dblclick="reset" rightclick="reset">
	<pos x="926" y="298"/>
	<size width="8" height="9"/>
	<selected x="+0" y="+1100"/>
	<over x="+0" y="+1600"/>
	<down x="+0" y="+1100"/>
</button>
--- Key Lock ---
<button action="deck 2 key_lock">
	<pos x="973" y="212"/>
	<size width="8" height="11"/>
	<selected x="+0" y="+1100"/>
	<over x="+0" y="+1600"/>
	<down x="+0" y="+1100"/>
</button>
--- Pitch Range ---
<textzone>
	<size width="25" height="9"/>
	<pos x="943" y="225"/>
	<text font="ARIAL GREEK" size="11" color="#999999" weight="bold" align="center" format="%pitchrange%%"/>
</textzone>
<button action="pitch_range" value="-1" rightclick="-2">
	<pos x="943" y="225"/>
	<size width="25" height="9"/>>
</button>

Loop In Out Deck B
-------------------------------------------------------------------
<button action="deck 2 loop_in" rightclick="deck 2 reloop">
	<pos x="1097" y="376"/>
	<size width="36" height="23"/>
	<over x="+0" y="+1600"/>
	<selected x="+0" y="+1100"/>
	<down x="-1" y="+1099"/>
</button>
<button action="deck 2 loop_out" rightclick="deck 2 loop_half">
	<pos x="1135" y="376"/>
	<size width="39" height="23"/>
	<selected x="+0" y="+1100"></selected>
	<over x="+0" y="+1600"></over>
	<down x="-1" y="+1099"/>
</button>
--- Loop 50% ---
<button action="deck 2 loop_half" >
	<pos x="1041" y="344"/>
	<size width="20" height="17"/>
	<down x="+0" y="+1100"/>
	<over x="+0" y="+1600"/>
	<selected x="+0" y="+1100"/>
</button>
--- Loop 200% ---
<button action="deck 2 loop_double">
	<pos x="1199" y="344"/>
	<size width="20" height="17"/>
	<down x="+0" y="+1100"/>
	<over x="+0" y="+1600"/>
	<selected x="+0" y="+1100"/>
</button>
--- Smart Loop ---
<button action="deck 2 smart_loop">
	<pos x="1189" y="382"/>
	<size width="11" height="12"/>
	<selected x="+0" y="+1100"/>
	<over x="+0" y="+1600"></over>
</button>
--- Loop Shift ---
<slider action="deck 2 loop_move" relative="yes" orientation="round">
	<pos x="1062" y="380"/>
		<size width="20" height="20"/>
			<clipmask x="530" y="2419"/>
			<up x="+0" y="+1100" />
	<fader>
		<size width="20" height="20"/>
		<mask x="530" y="2379" />
		<pos x="528" y="2443" />
	</fader>
</slider>

--- Quick Loop --- 
<button action="deck 2 loop 1"  rightclick="temporary">
	<pos x="1067" y="345"/>
	<size width="18" height="16"/>
	<selected x="+0" y="+1100"/>
	<over x="+0" y="+1600"/>
	<down x="+0" y="+1100"/>
</button>
<button action="deck 2 loop 2"  rightclick="temporary">
	<pos x="1089" y="345"/>
	<size width="18" height="16"/>
	<selected x="+0" y="+1100"/>
	<over x="+0" y="+1600"/>
	<down x="+0" y="+1100"/>
</button>
<button action="deck 2 loop 4"  rightclick="temporary">
	<pos x="1111" y="345"/>
	<size width="18" height="16"/>
	<selected x="+0" y="+1100"/>
	<over x="+0" y="+1600"/>
	<down x="+0" y="+1100"/>
</button>
<button action="deck 2 loop 8"  rightclick="temporary">
	<pos x="1133" y="345"/>
	<size width="18" height="16"/>
	<selected x="+0" y="+1100"/>
	<over x="+0" y="+1600"/>
	<down x="+0" y="+1100"/>
</button>
<button action="deck 2 loop 16"  rightclick="temporary">
	<pos x="1155" y="345"/>
	<size width="18" height="16"/>
	<selected x="+0" y="+1100"/>
	<over x="+0" y="+1600"/>
	<down x="+0" y="+1100"/>
</button>
<button action="deck 2 loop 32"  rightclick="temporary">
	<pos x="1177" y="345"/>
	<size width="18" height="16"/>
	<selected x="+0" y="+1100"/>
	<over x="+0" y="+1600"/>
	<down x="+0" y="+1100"/>
</button>

SAMPLER DECK B 
--------------------------------------------------------------------
<button action="deck 2 sampler play_stop" rightclick="temporary">
	<pos x="1153" y="243"/>
	<size width="82" height="17"/>
	<selected x="545" y="3214"/>
	<over x="545" y="3238"/>
	<up x="545" y="3038"/>
	<down x="545" y="3214"/>
	<clipmask x="545" y="3171"/>
	<size width="60" height="13"/>
	<text dx="3" dy="2" width="60" font="ARIAL GREEK" size="12" color="#ffffff" align="center" format="%mainsample" scroll="yes"/>
</button>	
--- Sampler dropdown ---
<button action="deck 2 sampler select" rightclick="sampler options">
	<pos x="1216" y="243"/>
	<size width="17" height="17"/>
</button>
--- Sampler visual indicator ---
<visual chan="2" type="linear" source="deck 2 sampler position" orientation="horizontal">
	<pos x="1153" y="266"/>
	<size width="78" height="7"/>
	<down x="+0" y="+1100"/>
</visual>
--- Sampler Volume ---
<slider action="deck 2 sampler volume" orientation="round" dblclick="reset" rightclick="temporary">
	<pos x="1244" y="242"/>
		<size width="20" height="20"/>
			<clipmask x="530" y="2419"/>
	<fader anglemin="-160" anglemax="+160">
		<size width="20" height="20"/>
		<mask x="530" y="2379" />
		<pos x="528" y="2443" />
	</fader>
</slider>
--- Sampler half double ---
<button action="deck 2 sampler loop 50%" rightclick="sampler loop on">
	<pos x="1169" y="277"/>
  <size width="20" height="17"/>
  <over x="+0" y="+1600"/>
  <down x="+0" y="+1100"/>
</button>
<button action="deck 2 sampler loop 150%" rightclick="sampler loop on">
	<pos x="1195" y="277"/>
  <size width="20" height="17"/>
  <over x="+0" y="+1600"/>
  <down x="+0" y="+1100"/>
</button>
--- Sampler record ---
<button action="deck 2 sampler rec">
	<pos x="1243" y="275"/>
	<size width="21" height="19"/>
	<selected x="+0" y="+1100"/>
	<over x="+0" y="+1600"/>
	<down x="-1" y="+1099"/>
</button>

EFFECTS DECK B 
--------------------------------------------------------------------

<button action="deck 2 effect active" rightclick="temporary">
	<pos x="998" y="243"/>
	<size width="82" height="17"/>
	<selected x="641" y="3274"/>
	<over x="641" y="3298"/>
	<up x="641" y="3038"/>
	<down x="641" y="3274"/>
	<size width="60" height="13"/>
	<clipmask x="545" y="3171"/>
	<text dx="4" dy="2" width="60" font="ARIAL GREEK" size="12" color="#ffffff" align="center" format="%maineffect" scroll="yes"/>
</button>
	
--- Effect dropdown ---
<button action="deck 2 effect select">
	<pos x="1061" y="243"/>
	<size width="17" height="17"/>
</button>

--- Effect params ---
<slider action="deck 2 effect slider 1" orientation="round">
	<pos x="1089" y="241"/>
		<size width="20" height="20"/>
			<clipmask x="530" y="2419"/>
	<fader anglemin="-160" anglemax="+160">
		<size width="20" height="20"/>
		<mask x="530" y="2379" />
		<pos x="528" y="2443" />
	</fader>
</slider>
<slider action="deck 2 effect slider 2" orientation="round">
	<pos x="1116" y="241"/>
		<size width="20" height="20"/>
			<clipmask x="530" y="2419"/>
	<fader anglemin="-160" anglemax="+160">
		<size width="20" height="20"/>
		<mask x="530" y="2379" />
		<pos x="528" y="2443" />
	</fader>
</slider>



************************************************************
 PANNELS
************************************************************
<pannel id="mixer" group="center_pannel" visible="yes">
	  <pos x="522" y="103"/>
	  <size width="237" height="307"/>
	  <down x="522" y="103"/>
</pannel>
<pannel id="video" group="center_pannel" visible="no">
	  <pos x="522" y="103"/>
	  <size width="237" height="307"/>
	  <down x="+0" y="2801"/>
</pannel>
<pannel id="scratch" group="center_pannel" visible="no">
	  <pos x="522" y="103"/>
	  <size width="237" height="307"/>
	  <down x="199" y="2801"/>
</pannel>



************************************************************
 PANNEL SELECTORS
************************************************************
--- In Mixer ---
<button pannel="mixer" action="skin_pannel 'mixer' on">
	<pos x="559" y="108"/>
	<size width="50" height="17"/>
	<selected x="879" y="2841"/>
	<over x="879" y="2878"/>
	<up x="879" y="2859"/>
</button>
<button pannel="mixer" action="skin_pannel 'video' on">
	<pos x="616" y="108"/>
	<size width="50" height="17"/>
	<selected x="936" y="2841"/>
	<over x="936" y="2878"/>
	<up x="936" y="2859"/>
</button>
<button pannel="mixer" action="skin_pannel 'scratch' on">
	<pos x="673" y="108"/>
	<size width="50" height="17"/>
	<selected x="992" y="2841"/>
	<over x="992" y="2878"/>
	<up x="992" y="2859"/>
</button>

--- In Video ---
<button pannel="video" action="skin_pannel 'mixer' on">
	<pos x="559" y="108"/>
	<size width="50" height="17"/>
	<selected x="879" y="2818"/>
	<over x="879" y="2782"/>
	<up x="879" y="2800"/>
</button>
<button pannel="video" action="skin_pannel 'video' on">
	<pos x="616" y="108"/>
	<size width="50" height="17"/>
	<selected x="936" y="2818"/>
	<over x="936" y="2782"/>
	<up x="936" y="2800"/>
</button>
<button pannel="video" action="skin_pannel 'scratch' on">
	<pos x="673" y="108"/>
	<size width="50" height="17"/>
	<selected x="992" y="2818"/>
	<over x="992" y="2782"/>
	<up x="992" y="2800"/>
</button>
--- In Scratch ---
<button pannel="scratch" action="skin_pannel 'mixer' on">
	<pos x="559" y="108"/>
	<size width="50" height="17"/>
	<selected x="879" y="2818"/>
	<over x="879" y="2782"/>
	<up x="879" y="2800"/>
</button>
<button pannel="scratch" action="skin_pannel 'video' on">
	<pos x="616" y="108"/>
	<size width="50" height="17"/>
	<selected x="936" y="2818"/>
	<over x="936" y="2782"/>
	<up x="936" y="2800"/>
</button>
<button pannel="scratch" action="skin_pannel 'scratch' on">
	<pos x="673" y="108"/>
	<size width="50" height="17"/>
	<selected x="992" y="2818"/>
	<over x="992" y="2782"/>
	<up x="992" y="2800"/>
</button>


************************************************************
  AUDIO MIXER  
************************************************************
--- Crossfader ---
<slider pannel="mixer" action="crossfader" orientation="horizontal" dblclick="crossfader 50%" rightclick="temporary">
	<pos x="580" y="365"/>
	<size width="123" height="35"/>
	<fader>
	  <pos x="634" y="1465"/>
		<size width="15" height="35"/>
	</fader>
</slider>
--- Master Volume ---
<slider pannel="nomicmaster" action="master_volume" orientation="round" dblclick="master_volume 100%" rightclick="temporary" visible="force">
	<pos x="630" y="150"/>
	<size width="20" height="20"/>
	<clipmask x="530" y="2419"/>
		<up x="45" y="287"/>
	<over x="45" y="287"/>
	<down x="45" y="287"/>
	<fader anglemin="-160" anglemax="+160">
		<size width="20" height="20"/>
		<mask x="530" y="2379" />
		<pos x="528" y="2443" />
	</fader>
</slider>
<slider pannel="micmaster" action="master_volume" orientation="round" dblclick="master_volume 100%" rightclick="temporary" visible="force">
	<pos x="615" y="150"/>
	<size width="20" height="20"/>
	<clipmask x="530" y="2419"/>
		<up x="45" y="287"/>
	<over x="45" y="287"/>
	<down x="45" y="287"/>
	<fader anglemin="-160" anglemax="+160">
		<size width="20" height="20"/>
		<mask x="530" y="2379" />
		<pos x="528" y="2443" />
	</fader>
</slider>


--- Cue Volume ---
<slider pannel="nomicmaster" action="headphone_volume" orientation="round" dblclick="reset" rightclick="temporary" visible="force">
	<pos x="630" y="191"/>
	<size width="20" height="20"/>
	<clipmask x="530" y="2419"/>
		<up x="45" y="287"/>
	<over x="45" y="287"/>
	<down x="45" y="287"/>
	<fader anglemin="-160" anglemax="+160">
		<size width="20" height="20"/>
		<mask x="530" y="2379" />
		<pos x="528" y="2443" />
	</fader>
</slider>

<slider pannel="micmaster" action="headphone_volume" orientation="round" dblclick="reset" rightclick="temporary" visible="force">
	<pos x="645" y="150"/>
	<size width="20" height="20"/>
	<clipmask x="530" y="2419"/>
		<up x="45" y="287"/>
	<over x="45" y="287"/>
	<down x="45" y="287"/>
	<fader anglemin="-160" anglemax="+160">
		<size width="20" height="20"/>
		<mask x="530" y="2379" />
		<pos x="528" y="2443" />
	</fader>
</slider>
--- Gain Deck 1 ---
<slider pannel="mixer" action="deck 1 gain" orientation="round" dblclick="deck 1 gain 50%" rightclick="deck 1 match_gain">
	<pos x="571" y="150"/>
		<size width="20" height="20"/>
	<clipmask x="530" y="2419"/>
	<fader anglemin="-160" anglemax="+160" sensibility="250">
		<size width="20" height="20"/>
		<mask x="530" y="2379" />
		<pos x="528" y="2443" />
	</fader>
</slider>
--- Key Deck 1 ---
<slider action="deck 1 key" orientation="round" dblclick="deck 1 key 0" rightclick="deck 1 match_key">
	<pos x="122" y="287"/>
			<size width="20" height="20"/>
	<clipmask x="530" y="2419"/>
	<fader anglemin="-160" anglemax="+160">
		<size width="20" height="20"/>
		<mask x="530" y="2379" />
		<pos x="528" y="2443" />
	</fader>
</slider>
--- EQ Deck 1 ---
<slider pannel="mixer" action="deck 1 eq_high" orientation="round" dblclick="deck 1 eq_high 50%" rightclick="deck 1 eq_high 0% ? deck 1 eq_high 50% : deck 1 eq_high 0%">
	<pos x="571" y="202"/>
	<size width="20" height="20"/>
	<clipmask x="530" y="2419"/>
	<fader anglemin="-160" anglemax="+160">
		<size width="20" height="20"/>
		<mask x="530" y="2379" />
		<pos x="528" y="2443" />
	</fader>
</slider>
<visual pannel="mixer" source="deck 1 eq_kill_high" type="linear" orientation="horizontal">
	<pos x="571" y="189" />
	<size height="9" width="21" />
	<up x="+0" y="+1600" />
	<down x="+0" y="+1100" />
	<selected x="+0" y="+1100" />
</visual>

<slider pannel="mixer" action="deck 1 eq_mid" orientation="round" dblclick="deck 1 eq_mid 50%" rightclick="deck 1 eq_mid 0% ? deck 1 eq_mid 50% : deck 1 eq_mid 0%">
	<pos x="571" y="238"/>
	<size width="20" height="20"/>
	<clipmask x="530" y="2419"/>
	<fader anglemin="-160" anglemax="+160">
		<size width="20" height="20"/>
		<mask x="530" y="2379" />
		<pos x="528" y="2443" />
	</fader>
</slider>
<visual pannel="mixer" source="deck 1 eq_kill_mid" type="linear" orientation="horizontal">
	<pos x="571" y="225" />
	<size height="9" width="21" />
	<up x="+0" y="+1600" />
	<down x="+0" y="+1100" />
	<selected x="+0" y="+1100" />
</visual>

<slider pannel="mixer" action="deck 1 eq_low" orientation="round" dblclick="deck 1 eq_low 50%" rightclick="deck 1 eq_low 0% ? deck 1 eq_low 50% : deck 1 eq_low 0%">
	<pos x="571" y="274"/>
	<size width="20" height="20"/>
	<clipmask x="530" y="2419"/>
	<fader anglemin="-160" anglemax="+160">
		<size width="20" height="20"/>
		<mask x="530" y="2379" />
		<pos x="528" y="2443" />
	</fader>
</slider>

<visual pannel="mixer" source="deck 1 eq_kill_low" type="linear" orientation="horizontal">
	<pos x="571" y="262" />
	<size height="9" width="21" />
	<up x="+0" y="+1600" />
	<down x="+0" y="+1100" />
	<selected x="+0" y="+1100" />
</visual>

--- Gain Deck 2 ---
<slider pannel="mixer" action="deck 2 gain" orientation="round" dblclick="deck 2 gain 50%" rightclick="deck 2 match_gain">
	<pos x="691" y="150"/>
	<size width="20" height="20"/>
	<clipmask x="530" y="2419"/>
	<fader anglemin="-160" anglemax="+160" sensibility="250">
		<size width="20" height="20"/>
		<mask x="530" y="2379" />
		<pos x="528" y="2443" />
	</fader>
</slider>
--- Key Deck 2 ---
<slider action="deck 2 key" orientation="round" dblclick="deck 2 key 0" rightclick="deck 2 match_key">
	<pos x="1103" y="287"/>
	<size width="20" height="20"/>
	<clipmask x="530" y="2419"/>
	<fader anglemin="-160" anglemax="+160">
		<size width="20" height="20"/>
		<mask x="530" y="2379" />
		<pos x="528" y="2443" />
	</fader>
</slider>
--- EQ Deck 2 ---
<slider pannel="mixer" action="deck 2 eq_high" orientation="round" dblclick="deck 2 eq_high 50%" rightclick="deck 2 eq_high 0% ? deck 2 eq_high 50% : deck 2 eq_high 0%">
	<pos x="692" y="202"/>
	<size width="20" height="20"/>
	<clipmask x="530" y="2419"/>
	<fader anglemin="-160" anglemax="+160">
		<size width="20" height="20"/>
		<mask x="530" y="2379" />
		<pos x="528" y="2443" />
	</fader>
</slider>
<visual pannel="mixer" source="deck 2 eq_kill_high" type="linear" orientation="horizontal">
	<pos x="692" y="189" />
	<size height="9" width="21" />
	<up x="+0" y="+1600" />
	<down x="+0" y="+1100" />
	<selected x="+0" y="+1100" />
</visual>
	
<slider pannel="mixer" action="deck 2 eq_mid" orientation="round" dblclick="deck 2 eq_mid 50%" rightclick="deck 2 eq_mid 0% ? deck 2 eq_mid 50% : deck 2 eq_mid 0%">
	<pos x="692" y="238"/>
	<size width="20" height="20"/>
	<clipmask x="530" y="2419"/>
	<fader anglemin="-160" anglemax="+160">
		<size width="20" height="20"/>
		<mask x="530" y="2379" />
		<pos x="528" y="2443" />
	</fader>
</slider>
<visual pannel="mixer" source="deck 2 eq_kill_mid" type="linear" orientation="horizontal">
	<pos x="692" y="225" />
	<size height="9" width="21" />
	<up x="+0" y="+1600" />
	<down x="+0" y="+1100" />
	<selected x="+0" y="+1100" />
</visual>

<slider pannel="mixer" action="deck 2 eq_low" orientation="round" dblclick="deck 2 eq_low 50%" rightclick="deck 2 eq_low 0% ? deck 2 eq_low 50% : deck 2 eq_low 0%">
	<pos x="692" y="274"/>
	<size width="20" height="20"/>
	<clipmask x="530" y="2419"/>
	<fader anglemin="-160" anglemax="+160">
		<size width="20" height="20"/>
		<mask x="530" y="2379" />
		<pos x="528" y="2443" />
	</fader>
</slider>
<visual pannel="mixer" source="deck 2 eq_kill_low" type="linear" orientation="horizontal">
	<pos x="692" y="262" />
	<size height="9" width="21" />
	<up x="+0" y="+1600" />
	<down x="+0" y="+1100" />
	<selected x="+0" y="+1100" />
</visual>

VU-METERS
------------------------------------------------------------
<visual pannel="mixer" chan="1" source="deck 1 get level_left" type="linear" orientation="vertical" direction="up">
	<size width="10" height="122"/>
	<pos x="534" y="187"/>
	<down x="+0" y="+1100"/>	
</visual>
<visual pannel="mixer" chan="1" source="deck 1 get level_right" type="linear" orientation="vertical" direction="up">
	<size width="10" height="122"/>
	<pos x="544" y="187"/>
	<down x="+0" y="+1100"/>	
</visual>
<visual pannel="mixer" chan="2" source="deck 2 get level_left" type="linear" orientation="vertical" direction="up">
	<size width="10" height="122"/>
	<pos x="725" y="187"/>
	<down x="+0" y="+1100"/>	
</visual>
<visual pannel="mixer" chan="2" source="deck 2 get level_right" type="linear" orientation="vertical" direction="up">
	<size width="10" height="122"/>
	<pos x="735" y="187"/>
	<down x="+0" y="+1100"/>	
</visual>

Prelisten deck A & B
------------------------------------------------------------

<button pannel="mixer" action="deck 1 select">
  <size width="26" height="23"/>
  <pos x="532" y="326"/>
  <up x="+0" y="+0"/>
  <selected x="+0" y="+1100" />
   <down x="+0" y="+1100" />
</button>
<button pannel="mixer" action="deck 2 select">
  <size width="26" height="23"/>
  <pos x="722" y="325"/>
  <up x="+0" y="+0"/>
  <selected x="+0" y="+1100" />
   <down x="+0" y="+1100" />
</button>

Levels Sliders
-----------------------------------------------------------
<slider pannel="mixer" action="deck 1 level" orientation="vertical" dblclick="reset" rightclick="temporary">
	<size width="24" height="87"/>
	<pos x="610" y="237"/>
	<fader>
		<size width="24" height="7"/>
		<pos x="610" y="1347"/>
	</fader>
</slider>
<slider pannel="mixer" action="deck 2 level" orientation="vertical" dblclick="reset" rightclick="temporary">
	<size width="24" height="87"/>
	<pos x="646" y="237"/>
	<fader>
		<size width="24" height="7"/>
		<pos x="610" y="1347"/>
	</fader>
</slider>

************************************************************
  VIDEO MIXER  
************************************************************
<video pannel="video" source="master">
  <pos x="531" y="134"/>
  <size width="219" height="118"/>
  <up x="531" y="2832"/>
</video>
<video pannel="video" source="channel" chan="1">
  <pos x="531" y="257"/>
  <size width="107" height="62"/>
  <up x="531" y="2955"/>
</video>
<video pannel="video" source="channel" chan="2">
  <pos x="643" y="257"/>
  <size width="107" height="62"/>
  <up x="643" y="2955"/>
</video>
--- Video activate on main --
<button pannel="video" action="video on" rightclick="video">
  <pos x="531" y="134"/>
  <size width="219" height="118"/>
</button>
--- Video transition on previews --
<button pannel="video" action="deck 1 video_transition" dblclick="video_crossfader 0%" rightclick="video_crossfader 0% while_pressed">
  <pos x="531" y="257"/>
  <size width="107" height="62"/>
</button>
<button pannel="video" action="deck 2 video_transition" dblclick="video_crossfader 100%" rightclick="video_crossfader 100% while_pressed">
  <pos x="643" y="257"/>
  <size width="107" height="62"/>
</button>

Video FX dropdown
------------------------------------------------------------
<button pannel="video" action="video_transition" rightclick="temporary">
	<pos x="545" y="340"/>
	<size width="82" height="17"/>
	<selected x="+0" y="3214"/>
	<over x="+0" y="3238"/>
	<up x="+0" y="3038"/>
	<down x="+0" y="3214"/>
	<size width="60" height="13"/>
	<text dx="3" dy="2" width="60" font="ARIAL GREEK" size="13" color="#ffffff" align="center" format="%videotransition" scroll="yes"/>
</button>
<button pannel="video" action="video_fx" rightclick="temporary">
	<pos x="641" y="340"/>
	<size width="82" height="17"/>
	<selected x="+0" y="3214"/>
	<over x="+0" y="3238"/>
	<up x="+0" y="3038"/>
	<down x="+0" y="3214"/>
	<size width="60" height="13"/>
	<text dx="3" dy="2" width="60" font="ARIAL GREEK" size="13" color="#ffffff" align="center" format="%videofx" scroll="yes"/>
</button>
<button pannel="video" action="video_transition_select">
	<pos x="608" y="340"/>
	<size width="17" height="17"/>
</button>
<button pannel="video" action="video_fx_select">
	<pos x="705" y="340"/>
	<size width="17" height="17"/>
</button>

Video FX CTRL knob
------------------------------------------------------------
<slider pannel="video" action="video_fx_slider" orientation="round">
	<pos x="727" y="338"/>
	<size width="20" height="20"/>
	<up x="45" y="287"/>
	<over x="45" y="287"/>
	<down x="45" y="287"/> 
	<clipmask x="529" y="2420"/>
	<fader anglemin="-160" anglemax="+160">
		<size width="20" height="20"/>
		<mask x="530" y="2379" />
		<pos x="528" y="2443" />
	</fader>
</slider>

Video Auto Crossfader & Linked
------------------------------------------------------------
<button pannel="video" action="video_crossfader_auto">
	<pos x="534" y="388"/>
	<size width="10" height="12"/>
	<selected x="+0" y="3140"/>
	<down x="+0" y="3086" />
	<up x="+0" y="3086" />
	<over x="+0" y="3116" />
</button>
<button pannel="video" action="video_crossfader_link">
	<pos x="738" y="390"/>
	<size width="10" height="12"/>
	<selected x="+0" y="3142"/>
	<down x="+0" y="3088" />
	<up x="+0" y="3088" />
	<over x="+0" y="3118" />
</button>
Toggle audio a& video crossfader
----------------------------------------------------------
<pannel id="crossfader_video" pannel="video" group="crossfader" visible="yes">
	<pos x="571" y="380"/>
	<size width="137" height="24"/>
</pannel>
<pannel id="crossfader_audio" pannel="video" group="crossfader" visible="no">
	<pos x="571" y="380"/>
	<size width="137" height="24"/>
</pannel>
<button pannel="crossfader_video" action="skin_pannel 'crossfader_audio' on">
	<pos x="603" y="364"/>
	<size width="75" height="10"/>
	<up x="603" y="3062"/>
	<over x="603" y="3324" />
	<down x="603" y="3062"/>
</button>
<button pannel="crossfader_audio" action="skin_pannel 'crossfader_video' on">
	<pos x="603" y="364"/>
	<size width="75" height="10"/>
	<up x="603" y="3116"/>
	<over x="603" y="3338" />
	<down x="603" y="3116"/>
</button>

<slider pannel="crossfader_video" action="video_crossfader" orientation="horizontal" dblclick="video_crossfader 50%" rightclick="video_crossfader while_pressed">
	<pos x="571" y="380"/>
	<size width="137" height="24"/>
	<up x="571" y="3077"/>
	<down x="571" y="3077"/>
	<selected x="571" y="3077"/>
	<fader>
	  <pos x="631" y="3131"/>
	   <size width="18" height="24"/>
	</fader>
</slider>
<slider pannel="crossfader_audio" action="crossfader" orientation="horizontal" dblclick="crossfader 50%" rightclick="crossfader while_pressed">
	<pos x="571" y="380"/>
	<size width="137" height="24"/>
	<up x="571" y="3077"/>
	<down x="571" y="3077"/>
	<selected x="571" y="3077"/>
	<fader>
	  <pos x="631" y="3131"/>
	   <size width="18" height="24"/>
	</fader>
</slider>

************************************************************
  SCRATCH MIXER  
************************************************************

 <scratchwave pannel="scratch" deck="1" orientation="vertical" length="2000">
  <pos x="531" y="133"/>
  <size width="61" height="270"/>
  <down x="208" y="3129"/>
  <up x="208" y="2831"/>
 </scratchwave>
 
  <scratchwave pannel="scratch" deck="2" orientation="vertical" length="2000">
  <pos x="691" y="133"/>
  <size width="61" height="270"/>
  <down x="368" y="3129"/>
  <up x="368" y="2831"/>
 </scratchwave>

CLONE 
-------------------------------------------------------
<button pannel="scratch" action="deck 2 clone_deck" >
		<pos x="609" y="258"></pos>
		<size width="30" height="19"/>
		<down x="285" y="3261"/>
		<over x="286" y="3463"/>
		<up x="286" y="2956"/>
</button>
<button pannel="scratch" action="deck 1 clone_deck" >
		<pos x="641" y="258"></pos>
		<size width="32" height="19"/>
		<down x="317" y="3261"/>
		<over x="318" y="3463"/>
		<up x="318" y="2956"/>
</button>
GAIN 
-------------------------------------------------------
<slider pannel="scratch" action="deck 1 gain" orientation="round" dblclick="deck 1 gain 50%" rightclick="deck 1 match_gain">
	<pos x="615" y="154"/>
		<size width="26" height="26"/>
	<down x="630" y="2444"/>
	<clipmask x="529" y="2420"/>
	<fader sensibility="250">
		<size width="26" height="26"/>
		<pos x="134" y="2675" nb="24"/>
	</fader>
</slider>
<slider pannel="scratch" action="deck 2 gain" orientation="round" dblclick="deck 2 gain 50%" rightclick="deck 2 match_gain">
	<pos x="645" y="154"/>
		<size width="26" height="26"/>
	<down x="630" y="2444"/>
	<clipmask x="529" y="2420"/>
	<fader sensibility="250">
		<size width="26" height="26"/>
		<pos x="134" y="2675" nb="24"/>
	</fader>
</slider>

TIMECODE MODE 
-------------------------------------------------------
<button pannel="scratch" action="deck 1 timecode_mode smart & deck 2 timecode_mode smart">
		<pos x="608" y="207"/>
		<size width="20" height="14"/>
		<selected x="285" y="3211"/>
		<over x="285" y="3412"/>
		<up x="285" y="2905"/>
</button>
<button pannel="scratch" action="deck 1 timecode_mode relative & deck 2 timecode_mode relative">
		<pos x="628" y="207"/>
		<size width="23" height="14"/>
		<selected x="305" y="3211"/>
		<over x="305" y="3412"/>
		<up x="305" y="2905"/>
</button>
<button pannel="scratch" action="deck 1 timecode_mode absolute & deck 2 timecode_mode absolute">
		<pos x="653" y="207"/>
		<size width="20" height="14"/>
		<selected x="330" y="3211"/>
		<over x="330" y="3412"/>
		<up x="330" y="2905"/>
</button>

--- Active Timecode Deck A
<button pannel="scratch" action="deck 1 timecode_active">
		<pos x="616" y="306" />
		<size width="18" height="17" />
		<selected x="292" y="3324" />
		<down x="292" y="3324" />
		<up x="292" y="3004" />
		<over x="292" y="3525" />
</button>
<button pannel="scratch" action="deck 2 timecode_active">
		<pos x="616" y="347" />
		<size width="18" height="17" />
		<selected x="292" y="3365" />
		<down x="292" y="3365" />
		<up x="292" y="3004" />
		<over x="292" y="3566" />
</button>

----- Timecode Quality ------
<visual pannel="scratch" type="linear" source="deck 1 get timecode_quality" orientation="horizontal" direction="up">
		<size width="26" height="9" />
		<pos x="640" y="310" />
		<down x="317" y="3328" />
		<up x="317" y="3008" />
</visual>
<visual pannel="scratch" type="linear" source="deck 2 get timecode_quality" orientation="horizontal" direction="up">
		<size width="26" height="9" />
		<pos x="640" y="351" />
		<down x="317" y="3328" />
		<up x="317" y="3049" />
</visual>

----- Beatlock and SmartScratch
<button pannel="scratch" action="deck 1 smart_scratch">
	<pos x="604" y="377"/>
	<size width="8" height="10"/>
	<selected x="405" y="1463"/>
	<up x="405" y="363"/>
	<over x="405" y="1963"/>
	<down x="405" y="1463"/>
</button>
<button pannel="scratch" action="deck 1 beatlock">
	<pos x="604" y="388"/>
	<size width="8" height="10"/>
	<selected x="405" y="1463"/>
	<up x="405" y="363"/>
	<over x="405" y="1963"/>
	<down x="405" y="1463"/>
</button>
<button pannel="scratch" action="deck 2 smart_scratch">
	<pos x="672" y="377"/>
	<size width="8" height="10"/>
	<selected x="405" y="1463"/>
	<up x="405" y="363"/>
	<over x="405" y="1963"/>
	<down x="405" y="1463"/>
</button>
<button pannel="scratch" action="deck 2 beatlock">
	<pos x="672" y="388"/>
	<size width="8" height="10"/>
	<selected x="405" y="1463"/>
	<up x="405" y="363"/>
	<over x="405" y="1963"/>
	<down x="405" y="1463"/>
</button>

</Skin>


